City_ID,City,Country,Lat,Lng,Max Temp,Humidity,Cloudiness,Wind Speed,Current Description
0,Ushuaia,AR,-54.8,-68.3,53.22,62,75,18.41,broken clouds
1,Tuktoyaktuk,CA,69.4541,-133.0374,-16.6,69,0,9.22,clear sky
2,Saskylakh,RU,71.9167,114.0833,-22.5,100,94,2.86,overcast clouds
3,Hermanus,ZA,-34.4187,19.2345,60.8,85,100,14.27,light rain
4,Carnarvon,AU,-24.8667,113.6333,80.67,61,100,5.75,overcast clouds
5,Mataura,NZ,-46.1927,168.8643,42.62,92,5,2.8,clear sky
6,Cape Town,ZA,-33.9258,18.4232,64.11,80,20,18.41,few clouds
7,Ponta Do Sol,PT,32.6667,-17.1,65.01,70,43,6.55,scattered clouds
8,Itaituba,BR,-4.2761,-55.9836,84.36,84,40,8.05,scattered clouds
9,Cayenne,GF,4.9333,-52.3333,82.44,1,75,14.97,broken clouds
10,Mago,RU,53.2514,140.1822,5.04,99,61,0.92,broken clouds
11,Severomuysk,RU,56.1481,113.4267,0.19,88,100,2.3,overcast clouds
12,Port Alfred,ZA,-33.5906,26.891,69.4,83,28,16.87,scattered clouds
13,Waitara,NZ,-38.925,174.25,64.22,79,100,24.23,overcast clouds
14,Hasaki,JP,35.7333,140.8333,37.8,66,0,6.49,clear sky
15,Butaritari,KI,3.0707,172.7902,80.01,74,87,14.45,overcast clouds
16,Yellowknife,CA,62.456,-114.3525,2.41,65,20,17.27,few clouds
17,Provideniya,RU,64.3833,-173.3,8.01,79,24,9.28,few clouds
18,Punta Arenas,CL,-53.15,-70.9167,57.31,47,40,25.32,scattered clouds
19,Spornoye,RU,50.8448,37.2913,29.64,85,0,7.4,clear sky
20,Longyearbyen,SJ,78.2186,15.6401,-0.56,65,20,6.91,few clouds
21,Sur,OM,22.5667,59.5289,82.18,37,0,6.69,clear sky
22,Jumla,NP,29.2747,82.1838,44.1,50,21,4.12,few clouds
23,Alyangula,AU,-13.8483,136.4192,73.27,100,90,0.0,overcast clouds
24,Petropavlovsk-Kamchatskiy,RU,53.0452,158.6483,14.59,86,0,4.47,clear sky
25,Jatai,BR,-17.8814,-51.7144,80.74,65,82,4.63,broken clouds
26,Arraial Do Cabo,BR,-22.9661,-42.0278,84.16,61,0,23.02,clear sky
27,Busselton,AU,-33.65,115.3333,62.64,61,0,13.51,clear sky
28,Rikitea,PF,-23.1203,-134.9692,79.27,74,100,15.9,light rain
29,Ancud,CL,-41.8697,-73.8203,60.22,67,11,9.4,few clouds
30,Kapaa,US,22.0752,-159.319,76.98,86,75,21.85,moderate rain
31,Komsomolskiy,UZ,40.4272,71.7189,41.72,81,75,4.61,mist
32,Qaanaaq,GL,77.484,-69.3632,-11.61,70,22,7.05,few clouds
33,Bluff,NZ,-46.6,168.3333,49.82,79,25,11.7,scattered clouds
34,Gorom-Gorom,BF,14.4439,-0.2361,91.83,9,3,10.67,clear sky
35,Westport,US,41.1415,-73.3579,46.27,96,100,14.97,mist
36,Asau,RO,46.4333,26.4,49.95,35,99,9.15,overcast clouds
37,Yabrud,SY,33.9674,36.6574,32.9,84,22,1.9,few clouds
38,Kodiak,US,57.79,-152.4072,33.31,86,100,10.36,light snow
39,Tasiilaq,GL,65.6145,-37.6368,24.96,69,87,5.66,overcast clouds
40,San Juan,AR,-31.5375,-68.5364,69.39,17,0,1.77,clear sky
41,Gazanjyk,TM,39.2446,55.5154,52.36,50,100,26.8,overcast clouds
42,Siverek,TR,37.755,39.3167,37.81,90,100,8.05,overcast clouds
43,Airai,TL,-8.9266,125.4092,60.19,94,100,0.56,overcast clouds
44,Yar-Sale,RU,66.8333,70.8333,-2.38,100,100,5.86,overcast clouds
45,Lebu,CL,-37.6167,-73.65,57.15,67,6,26.53,clear sky
46,Kutum,SD,14.2,24.6667,71.35,15,1,10.8,clear sky
47,Husavik,IS,66.0449,-17.3389,24.49,87,100,18.14,light snow
48,Vaini,TO,-21.2,-175.2,75.36,94,100,0.0,overcast clouds
49,Maceio,BR,-9.6658,-35.7353,85.44,58,40,11.5,scattered clouds
50,Hithadhoo,MV,-0.6,73.0833,83.77,68,1,19.15,clear sky
51,Sobolevo,RU,54.4299,31.8996,29.52,95,52,6.42,broken clouds
52,Cidreira,BR,-30.1811,-50.2056,74.61,86,100,9.31,overcast clouds
53,Gat,IL,31.61,34.7642,50.4,100,96,9.73,overcast clouds
54,Ketchikan,US,55.3422,-131.6461,44.58,75,100,19.57,overcast clouds
55,Mabaruma,GY,8.2,-59.7833,77.81,96,100,7.16,overcast clouds
56,Waipawa,NZ,-41.4122,175.5153,55.87,97,100,21.27,light rain
57,Eureka,US,40.8021,-124.1637,63.68,87,100,1.01,overcast clouds
58,Chunian,PK,30.964,73.9803,72.05,25,5,3.06,clear sky
59,Auki,SB,-8.7676,160.7034,75.69,86,96,2.75,overcast clouds
60,Along,IN,28.1667,94.7667,60.03,95,67,3.38,broken clouds
61,Yarmouth,US,41.7057,-70.2286,45.97,96,100,18.01,light rain
62,Ibra,OM,22.6906,58.5334,76.26,30,0,3.51,clear sky
63,Bredasdorp,ZA,-34.5322,20.0403,64.42,79,100,12.95,light rain
64,Biak,ID,-0.9131,122.8766,76.08,78,100,2.39,overcast clouds
65,Fortuna,US,40.5982,-124.1573,62.92,81,0,1.99,clear sky
66,Dalbandin,PK,28.8947,64.4101,72.0,12,0,6.06,clear sky
67,East London,ZA,-33.0153,27.9116,70.74,78,0,11.5,clear sky
68,Corn Island,NI,12.1694,-83.0418,81.73,72,100,13.13,overcast clouds
69,Esperance,AU,-33.8667,121.9,57.04,82,0,11.01,clear sky
70,Cherskiy,RU,68.75,161.3,6.42,97,100,5.48,overcast clouds
71,Payo,ID,-3.7508,103.6372,74.95,87,100,1.86,overcast clouds
72,Yining,CN,29.0361,114.5636,59.86,98,92,3.06,light rain
73,Avarua,CK,-21.2078,-159.775,82.45,78,40,9.22,scattered clouds
74,Prieska,ZA,-29.6641,22.7474,72.5,43,0,6.06,clear sky
75,Salcininkai,LT,54.3,25.3833,43.84,69,3,6.26,clear sky
76,Saldanha,ZA,-33.0117,17.9442,63.88,86,0,19.66,clear sky
77,Pelotas,BR,-31.7719,-52.3425,84.22,67,75,8.05,broken clouds
78,New Norfolk,AU,-42.7826,147.0587,55.71,73,100,2.66,overcast clouds
79,Ribeira Grande,PT,38.5167,-28.7,61.2,88,75,18.41,broken clouds
80,Buchanan,LR,5.8808,-10.0467,80.74,83,100,7.0,overcast clouds
81,Rosario Oeste,BR,-14.8361,-56.4275,88.72,64,100,3.74,overcast clouds
82,Yumen,CN,40.2833,97.2,35.35,42,100,4.85,overcast clouds
83,Mahebourg,MU,-20.4081,57.7,79.09,83,40,6.91,scattered clouds
84,Bengkulu,ID,-3.8004,102.2655,75.67,86,97,4.32,overcast clouds
85,Hilo,US,19.7297,-155.09,76.73,78,75,8.05,light rain
86,Sitka,US,57.0531,-135.33,46.29,53,75,18.41,broken clouds
87,Tokur,RU,53.1333,132.9,-4.56,100,59,3.36,broken clouds
88,Tuatapere,NZ,-46.1333,167.6833,46.51,82,10,5.1,clear sky
89,Tessalit,ML,20.1986,1.0114,83.41,8,40,8.57,scattered clouds
90,Rawatsar,IN,29.2833,74.3833,80.26,15,0,7.11,clear sky
91,Salinopolis,BR,-0.6136,-47.3561,78.21,89,97,10.25,moderate rain
92,Dikson,RU,73.5069,80.5464,10.76,89,97,16.35,overcast clouds
93,Kaitangata,NZ,-46.2817,169.8464,44.82,88,0,4.45,clear sky
94,Azogues,EC,-2.7333,-78.8333,64.35,85,100,4.94,light rain
95,Ucluelet,CA,48.9329,-125.5528,46.09,88,100,5.5,overcast clouds
96,Itanhem,BR,-17.1664,-40.33,78.76,80,87,6.71,overcast clouds
97,Sao Filipe,CV,14.8961,-24.4956,71.19,72,0,13.33,clear sky
98,Klaksvik,FO,62.2266,-6.589,47.32,87,100,14.54,overcast clouds
99,Grindavik,IS,63.8424,-22.4338,37.87,87,100,6.91,overcast clouds
100,Praia,CV,14.9215,-23.5087,75.74,57,20,21.85,few clouds
101,Portland,US,45.5234,-122.6762,57.92,73,75,10.36,broken clouds
102,Georgetown,MY,5.4112,100.3354,82.33,87,20,3.44,few clouds
103,Salo,IT,45.6086,10.531,60.8,55,0,4.14,clear sky
104,Galesong,ID,-5.3166,119.3661,73.42,81,100,3.78,overcast clouds
105,Yulara,AU,-25.2406,130.9889,73.24,56,0,11.5,clear sky
106,Barrow,US,71.2906,-156.7887,-5.78,77,0,19.57,haze
107,Sogne,NO,58.0833,7.8167,49.15,76,44,10.45,scattered clouds
108,Upernavik,GL,72.7868,-56.1549,5.97,70,100,8.12,overcast clouds
109,Cabo San Lucas,MX,22.8909,-109.9124,82.62,37,0,1.99,clear sky
110,Albany,US,42.6001,-73.9662,43.66,83,100,3.0,overcast clouds
111,Sao Gabriel Da Cachoeira,BR,-0.1303,-67.0892,82.71,84,100,0.34,overcast clouds
112,Lima,PE,-12.0432,-77.0282,74.39,82,0,8.05,clear sky
113,Port Elizabeth,ZA,-33.918,25.5701,69.1,79,0,18.41,clear sky
114,Rusape,ZW,-18.5278,32.1284,67.21,69,90,5.46,overcast clouds
115,Suez,EG,29.9737,32.5263,54.99,55,7,10.58,clear sky
116,Tazovskiy,RU,67.4667,78.7,11.28,96,99,7.87,overcast clouds
117,Sola,VU,-13.8833,167.55,72.27,94,40,0.0,scattered clouds
118,Nyurba,RU,63.2842,118.3319,-9.18,100,93,1.25,overcast clouds
119,Hobart,AU,-42.8794,147.3294,56.05,84,93,8.05,overcast clouds
120,Souillac,MU,-20.5167,57.5167,79.18,83,40,6.91,light rain
121,Vila Velha,BR,-20.3297,-40.2925,78.75,90,75,8.05,broken clouds
122,Sol-Iletsk,RU,51.1631,54.9918,30.11,97,100,7.9,overcast clouds
123,Marienburg,PL,54.0359,19.0266,46.11,66,2,2.84,clear sky
124,Otradnoye,RU,59.7775,30.8181,37.87,99,100,2.39,overcast clouds
125,Dicabisagan,PH,17.0818,122.4157,76.96,88,35,1.45,scattered clouds
126,Bambous Virieux,MU,-20.3428,57.7575,79.05,83,40,6.91,light rain
127,Puerto Ayora,EC,-0.7393,-90.3518,85.96,71,43,12.46,light rain
128,Praia Da Vitoria,PT,38.7333,-27.0667,62.85,77,40,18.68,scattered clouds
129,Calvinia,ZA,-31.4707,19.776,66.7,52,0,7.11,clear sky
130,Geraldton,AU,-28.7667,114.6,84.61,28,23,9.22,few clouds
131,Satao,PT,40.7418,-7.7329,55.04,75,100,10.29,overcast clouds
132,Beringovskiy,RU,63.05,179.3167,16.93,95,100,5.03,light snow
133,Nuuk,GL,64.1835,-51.7216,18.88,62,97,15.99,overcast clouds
134,Atuona,PF,-9.8,-139.0333,79.43,78,100,18.92,overcast clouds
135,Faanui,PF,-16.4833,-151.75,80.62,74,58,12.97,light rain
136,Rorvik,NO,64.8621,11.2373,44.58,100,100,13.8,fog
137,Guerrero Negro,MX,27.9769,-114.0611,81.1,15,0,5.08,clear sky
138,Teahupoo,PF,-17.8333,-149.2667,71.53,75,30,11.86,scattered clouds
139,Shubarkuduk,KZ,49.1447,56.4872,26.17,97,100,5.64,overcast clouds
140,Vila Franca Do Campo,PT,37.7167,-25.4333,61.21,72,100,7.78,overcast clouds
141,Norman Wells,CA,65.282,-126.8329,-5.76,65,75,5.75,broken clouds
142,Jamestown,US,42.097,-79.2353,58.01,41,75,11.5,broken clouds
143,Jieshou,CN,33.2634,115.3611,53.85,99,100,5.14,light rain
144,Iqaluit,CA,63.7506,-68.5145,20.93,62,100,3.44,overcast clouds
145,Torbay,CA,47.6666,-52.7314,32.58,77,100,28.77,overcast clouds
146,Adrar,MR,20.5022,-10.0711,78.75,20,0,10.11,clear sky
147,Traverse City,US,44.7631,-85.6206,36.84,94,100,6.91,light rain
148,Yenangyaung,MM,20.4667,94.8833,76.37,73,34,5.48,scattered clouds
149,Aljezur,PT,37.3191,-8.8033,53.92,88,32,4.76,scattered clouds
150,Yeppoon,AU,-23.1333,150.7333,69.58,71,100,7.61,overcast clouds
151,Lashio,MM,22.9333,97.75,64.56,66,68,0.92,broken clouds
152,Surdulica,RS,42.6906,22.1708,43.57,64,0,1.63,clear sky
153,Phalaborwa,ZA,-23.943,31.1411,79.45,32,10,5.82,clear sky
154,Coos Bay,US,43.3665,-124.2179,64.31,89,0,4.61,clear sky
155,Kapoeta,SS,4.7717,33.5903,80.19,54,100,15.88,overcast clouds
156,Severo-Kurilsk,RU,50.6789,156.125,27.79,75,100,6.89,overcast clouds
157,Constitucion,CL,-35.3333,-72.4167,66.52,44,0,21.77,clear sky
158,Nouadhibou,MR,20.931,-17.0347,69.78,56,0,20.71,sand
159,Tarma,PE,-11.4197,-75.6908,61.74,68,99,6.62,overcast clouds
160,Los Llanos De Aridane,ES,28.6585,-17.9182,61.12,71,20,17.27,few clouds
161,Bitung,ID,1.4451,125.1824,76.05,82,100,7.16,overcast clouds
162,Kundiawa,PG,-6.0167,144.9667,59.29,97,100,2.86,overcast clouds
163,Neryungri,RU,56.6709,124.6491,-1.32,98,100,2.77,overcast clouds
164,Kermanshah,IR,34.3142,47.065,45.5,36,0,9.22,clear sky
165,Taltal,CL,-25.4,-70.4833,69.26,69,22,7.54,few clouds
166,Finnsnes,NO,69.2296,17.9811,30.81,91,100,1.36,overcast clouds
167,Micheweni,TZ,-4.9667,39.8333,82.4,82,11,11.16,few clouds
168,Comodoro Rivadavia,AR,-45.8667,-67.5,69.66,37,0,5.75,clear sky
169,Kenai,US,60.5544,-151.2583,37.02,74,0,20.71,clear sky
170,Talnakh,RU,69.4865,88.3972,9.21,93,99,9.55,overcast clouds
171,Prescott,US,34.54,-112.4685,71.29,16,6,7.0,clear sky
172,Bowen,AU,-20.0167,148.2333,69.04,86,99,8.19,overcast clouds
173,Spasskoye,RU,44.6108,132.7969,33.91,73,100,7.56,overcast clouds
174,Fairbanks,US,64.8378,-147.7164,21.24,57,40,8.05,scattered clouds
175,Jardim,BR,-21.4803,-56.1381,87.15,57,97,4.54,overcast clouds
176,Rocha,UY,-34.4833,-54.3333,73.13,63,63,14.23,broken clouds
177,Tanabe,JP,33.7333,135.3667,46.85,80,0,5.37,clear sky
178,Bahia Blanca,AR,-38.7196,-62.2724,57.72,100,100,33.38,heavy intensity rain
179,Ilulissat,GL,69.2167,-51.1,11.89,73,100,3.83,overcast clouds
180,Fukue,JP,32.6881,128.8419,57.65,65,100,12.93,overcast clouds
181,Miracema Do Tocantins,BR,-9.5618,-48.3967,83.14,79,80,5.23,heavy intensity rain
182,Shimoda,JP,34.6667,138.95,47.1,74,5,7.61,clear sky
183,Gejiu,CN,23.306,103.1635,51.66,94,37,3.91,scattered clouds
184,Kodinsk,RU,58.6881,99.1844,11.59,99,98,3.47,overcast clouds
185,Castro,BR,-24.7911,-50.0119,72.68,84,5,10.69,light rain
186,Slave Lake,CA,55.2834,-114.769,37.38,65,0,16.11,clear sky
187,Malakwal,PK,32.5536,73.2123,70.83,34,0,2.84,clear sky
188,Nikolskoye,RU,59.7035,30.7861,37.71,99,100,2.51,overcast clouds
189,Ahipara,NZ,-35.1667,173.1667,64.76,80,100,17.34,overcast clouds
190,Vila Do Maio,CV,15.1333,-23.2167,75.99,75,0,18.97,clear sky
191,Vestmannaeyjar,IS,63.4427,-20.2734,41.99,81,75,6.91,broken clouds
192,Paamiut,GL,61.994,-49.6678,21.61,71,0,6.17,clear sky
193,Itarema,BR,-2.9248,-39.9167,82.83,74,33,11.07,light rain
194,La Ronge,CA,55.1001,-105.2842,26.85,86,100,19.57,snow
195,Caraquet,CA,47.7941,-64.9386,30.74,83,100,6.22,overcast clouds
196,Xuddur,SO,4.1213,43.8894,81.66,56,100,8.63,overcast clouds
197,Kitgum,UG,3.2783,32.8867,71.13,62,33,4.47,light rain
198,Nadym,RU,65.5333,72.5167,6.94,94,100,10.09,overcast clouds
199,Boa Vista,BR,2.8197,-60.6733,91.38,52,75,10.36,broken clouds
200,Honiara,SB,-9.4333,159.95,75.83,86,92,2.48,overcast clouds
201,Chernyshevskiy,RU,63.0128,112.4714,9.19,96,100,5.46,light snow
202,Charlottetown,CA,46.2352,-63.1267,39.2,54,75,4.61,broken clouds
203,Chinsali,ZM,-10.5414,32.0816,63.63,97,70,4.88,broken clouds
204,Maridi,SS,4.9158,29.4742,82.78,31,86,4.21,overcast clouds
205,Kirovsk,UA,48.6375,38.6428,37.4,54,0,6.08,clear sky
206,Lagdo,CM,9.05,13.7333,89.11,13,16,5.21,few clouds
207,Mount Gambier,AU,-37.8333,140.7667,53.51,94,100,5.75,overcast clouds
208,Bardiyah,LY,31.7561,25.0865,53.73,59,5,9.91,clear sky
209,Takoradi,GH,4.8845,-1.7554,82.02,79,89,8.5,overcast clouds
210,Krasnyy Chikoy,RU,50.3643,108.7512,9.19,98,100,1.59,overcast clouds
211,Khatanga,RU,71.9667,102.5,-3.69,99,100,5.5,overcast clouds
212,Roald,NO,62.5833,6.1333,50.09,76,75,19.57,light rain
213,Mar Del Plata,AR,-38.0023,-57.5575,69.82,79,75,14.97,light rain
214,Natal,BR,-5.795,-35.2094,82.62,83,75,10.36,broken clouds
215,Chokurdakh,RU,70.6333,147.9167,-14.03,100,90,2.06,overcast clouds
216,Khash,IR,28.2211,61.2158,63.52,23,0,5.01,clear sky
217,Saint-Pierre,RE,-21.3393,55.4781,78.48,78,0,5.75,clear sky
218,Thompson,CA,55.7435,-97.8558,41.16,52,100,5.75,overcast clouds
219,Nguru,NG,12.8791,10.4526,85.05,13,100,10.38,overcast clouds
220,Uige,AO,-7.6087,15.0613,67.51,97,99,4.05,light rain
221,San Cristobal,VE,7.7669,-72.225,78.98,37,23,5.12,few clouds
222,Colorado Springs,US,38.8339,-104.8214,63.34,23,75,21.85,broken clouds
223,Santiago,CL,-33.4569,-70.6483,83.28,21,0,10.36,clear sky
224,Nishihara,JP,26.1842,127.7558,67.68,68,100,16.11,overcast clouds
225,Abu Dhabi,AE,24.4667,54.3667,82.51,45,0,3.44,clear sky
226,Nabari,JP,34.6167,136.0833,43.02,80,7,1.74,clear sky
227,Kruisfontein,ZA,-34.0033,24.7314,66.88,82,0,14.63,clear sky
228,Stornoway,GB,58.2093,-6.3865,51.93,85,75,9.22,broken clouds
229,Saint George,US,37.1041,-113.5841,71.64,15,0,4.0,clear sky
230,Sharan,RU,54.8167,54.0,33.84,90,100,13.76,overcast clouds
231,Araouane,ML,18.9048,-3.5265,86.25,11,91,3.47,overcast clouds
232,Pisco,PE,-13.7,-76.2167,71.65,68,0,10.36,clear sky
233,Port Lincoln,AU,-34.7333,135.8667,59.63,75,1,8.68,clear sky
234,Saurimo,AO,-9.6608,20.3916,70.59,77,76,3.0,broken clouds
235,Acapulco,MX,16.8634,-99.8901,84.02,54,0,6.91,clear sky
236,Clyde River,CA,70.4692,-68.5914,-3.77,84,100,23.02,light snow
237,Nicoya,CR,10.1483,-85.452,96.85,35,92,10.89,overcast clouds
238,Santa Lucia,ES,27.9117,-15.5407,58.32,48,20,16.11,few clouds
239,Provost,CA,52.3501,-110.2683,41.45,71,7,19.73,clear sky
240,Bertoua,CM,4.5833,13.6833,75.4,68,100,5.46,light rain
241,Bundaberg,AU,-24.85,152.35,66.49,95,40,6.91,scattered clouds
242,Malanje,AO,-9.5402,16.341,65.14,96,82,4.38,light rain
243,Lingao,CN,19.9103,109.6859,75.16,91,12,4.43,few clouds
244,Urucui,BR,-7.2294,-44.5561,82.36,79,99,6.02,light rain
245,Wundanyi,KE,-3.4019,38.364,65.82,83,0,7.74,clear sky
246,Kayerkan,RU,69.3497,87.7602,8.53,84,88,8.88,overcast clouds
247,Tiksi,RU,71.6872,128.8694,-10.66,97,72,1.63,broken clouds
248,Dunedin,NZ,-45.8742,170.5036,52.81,89,47,1.01,scattered clouds
249,Mortka,RU,59.3322,66.0214,27.75,86,100,11.39,overcast clouds
250,Kashan,IR,33.9831,51.4364,65.71,31,0,6.38,clear sky
251,Scunthorpe,GB,53.579,-0.6544,59.68,57,8,5.64,clear sky
252,Samarai,PG,-10.6167,150.6667,82.09,79,83,10.4,broken clouds
253,Batagay-Alyta,RU,67.8006,130.4114,-13.85,93,58,5.91,broken clouds
254,Emerald,AU,-23.5333,148.1667,71.74,73,12,3.44,few clouds
255,Kumluca,TR,36.3703,30.2869,48.67,62,15,6.91,few clouds
256,Hennenman,ZA,-27.9765,27.0242,60.64,64,95,4.7,overcast clouds
257,Isangel,VU,-19.55,169.2667,78.49,84,49,13.35,scattered clouds
258,Berlevag,NO,70.8578,29.0864,26.55,86,40,31.07,light shower snow
259,Kamphaeng Phet,TH,16.25,99.5,83.41,60,10,3.42,clear sky
260,Luanda,AO,-8.8368,13.2343,82.4,83,40,6.91,scattered clouds
261,Nanchang,CN,28.6833,115.8833,59.77,99,100,5.97,moderate rain
262,Eyl,SO,7.9803,49.8164,79.99,74,83,10.51,broken clouds
263,Ugoofaaru,MV,5.6667,73.0,83.07,66,5,11.14,clear sky
264,Flinders,AU,-34.5833,150.8552,65.17,94,95,5.99,moderate rain
265,Weiden,DE,49.6775,12.1567,52.02,37,0,0.0,clear sky
266,Hauterive,FR,46.0901,3.4459,59.76,62,5,5.17,clear sky
267,Chuy,UY,-33.6971,-53.4616,75.54,71,35,16.71,scattered clouds
268,Saint-Philippe,RE,-21.3585,55.7679,78.39,85,39,11.3,scattered clouds
269,Hay River,CA,60.8156,-115.7999,3.18,72,20,18.41,few clouds
270,Dingle,PH,10.9995,122.6711,77.32,87,100,6.73,overcast clouds
271,Mehamn,NO,71.0357,27.8492,26.51,78,100,29.91,snow
272,Okha,RU,53.5739,142.9478,5.77,95,6,1.39,clear sky
273,Tiznit,MA,29.5833,-9.5,53.19,86,87,17.78,overcast clouds
274,Leshukonskoye,RU,64.8989,45.7622,18.54,77,9,10.42,clear sky
275,Misratah,LY,32.3754,15.0925,57.25,58,0,11.92,clear sky
276,Guangyuan,CN,32.442,105.823,60.93,51,100,16.24,overcast clouds
277,Livingston,GB,55.9029,-3.5226,55.76,71,40,4.61,scattered clouds
278,Dekar,BW,-21.5333,21.9333,77.32,39,100,3.74,overcast clouds
279,Port Hardy,CA,50.6996,-127.4199,41.18,87,75,5.75,broken clouds
280,Tigil,RU,57.8,158.6667,1.94,97,29,6.15,scattered clouds
281,Kupang,ID,-10.1667,123.5833,77.65,89,100,3.33,overcast clouds
282,Avera,US,33.194,-82.5271,63.55,49,100,7.45,overcast clouds
283,Diamantino,BR,-14.4086,-56.4461,88.38,61,74,4.99,broken clouds
284,Padang,ID,-0.9492,100.3543,75.54,68,91,4.83,overcast clouds
285,Junagarh,IN,19.8667,82.9333,80.65,48,25,4.16,scattered clouds
286,Ganzhou,CN,28.8184,115.4327,58.5,99,100,5.28,light rain
287,Lompoc,US,34.6391,-120.4579,84.69,65,40,8.05,scattered clouds
288,Ust-Nera,RU,64.5667,143.2,-10.93,99,89,2.57,overcast clouds
289,Bethel,US,41.3712,-73.414,45.01,93,100,5.99,overcast clouds
290,Hamilton,US,39.1834,-84.5333,55.98,47,75,19.57,broken clouds
291,Farmington,US,36.7281,-108.2187,67.21,18,0,19.57,clear sky
292,Sept-Iles,CA,50.2001,-66.3821,30.06,70,100,10.36,overcast clouds
293,La Roche-Sur-Yon,FR,46.6667,-1.4333,53.87,50,0,5.75,clear sky
294,Bathsheba,BB,13.2167,-59.5167,83.01,69,40,27.63,scattered clouds
295,Brae,GB,60.3964,-1.353,47.88,93,26,16.42,scattered clouds
296,Port-Gentil,GA,-0.7193,8.7815,82.36,83,20,9.22,few clouds
297,Morant Bay,JM,17.8815,-76.4093,87.71,64,9,14.74,clear sky
298,Mino,JP,34.8269,135.4706,45.9,83,6,2.3,clear sky
299,Colares,PT,38.7992,-9.4469,59.76,76,100,8.99,light rain
300,Maumere,ID,-8.6199,122.2111,79.93,82,91,3.58,overcast clouds
301,Lalmohan,BD,22.3384,90.7419,78.22,86,8,13.76,clear sky
302,Suzhou,CN,31.3114,120.6181,57.04,84,100,13.67,light rain
303,Nauta,PE,-4.5061,-73.5757,83.55,85,34,4.03,scattered clouds
304,Victoria,HK,22.2855,114.1577,71.94,94,100,15.99,overcast clouds
305,Sri Aman,MY,1.2376,111.4621,77.09,94,63,0.0,broken clouds
306,Umm Lajj,SA,25.0213,37.2685,62.91,46,0,16.22,clear sky
307,San Ramon,US,37.7799,-121.978,75.81,55,0,6.91,clear sky
308,Belaya Gora,RU,68.5333,146.4167,-10.1,100,96,3.15,overcast clouds
309,Trat,TH,12.5,102.5,82.9,86,5,0.69,clear sky
310,Aksu,CN,41.1231,80.2644,46.36,62,100,11.45,overcast clouds
311,Narsaq,GL,60.9167,-46.05,28.71,66,100,1.97,overcast clouds
312,Salalah,OM,17.0151,54.0924,75.02,75,7,2.04,clear sky
313,Jalu,LY,29.0331,21.5482,57.61,36,4,7.16,clear sky
314,Formosa,AR,-26.1775,-58.1781,78.78,73,100,16.11,overcast clouds
315,Santa Cruz Cabralia,BR,-16.2781,-39.0247,82.63,74,40,8.05,scattered clouds
316,Luderitz,NA,-26.6481,15.1594,66.67,78,0,20.54,clear sky
317,Ilovka,RU,50.7053,38.637,24.82,90,5,4.79,clear sky
318,Pevek,RU,69.7008,170.3133,7.05,97,98,2.33,overcast clouds
319,Aklavik,CA,68.2191,-135.0107,-16.6,76,0,2.3,clear sky
320,Te Anau,NZ,-45.4167,167.7167,43.48,93,12,1.1,few clouds
321,Luang Prabang,LA,19.8856,102.1347,73.13,95,94,2.06,overcast clouds
322,Mezen,RU,65.8522,44.24,20.37,73,100,12.44,overcast clouds
323,San Patricio,US,28.017,-97.5169,78.89,18,0,15.1,clear sky
324,Leningradskiy,RU,69.3833,178.4167,-16.22,100,100,5.59,overcast clouds
325,Tual,ID,-5.6667,132.75,79.93,83,100,15.39,overcast clouds
326,Huarmey,PE,-10.0681,-78.1522,75.02,75,86,11.23,overcast clouds
327,Ballina,AU,-28.8667,153.5667,68.02,96,73,4.61,broken clouds
328,Salaga,GH,8.5508,-0.5188,90.43,37,56,4.34,broken clouds
329,Bubaque,GW,11.2833,-15.8333,75.76,72,6,18.32,clear sky
330,Mantua,IT,45.1667,10.7833,60.04,40,0,1.01,clear sky
331,Vaitape,PF,-16.5167,-151.75,80.62,74,61,12.97,light rain
332,Verkhoyansk,RU,67.5447,133.385,-15.34,100,96,1.25,overcast clouds
333,Ardatov,RU,55.2421,43.097,32.52,85,100,8.48,overcast clouds
334,Puerto Escondido,MX,15.85,-97.0667,86.13,63,47,10.45,scattered clouds
335,La Asuncion,VE,11.0333,-63.8628,92.93,52,4,20.71,clear sky
336,Broken Hill,AU,-31.95,141.4333,56.91,54,0,11.5,clear sky
337,Sigulda,LV,57.1519,24.8647,35.74,81,38,2.48,scattered clouds
338,Nanortalik,GL,60.1432,-45.2371,29.8,75,100,7.65,overcast clouds
339,Owando,CG,-0.4819,15.8999,80.02,57,3,2.19,clear sky
340,Coihaique,CL,-45.5752,-72.0662,59.61,62,75,5.75,broken clouds
341,Da Nang,VN,16.0678,108.2208,78.78,89,75,3.44,broken clouds
342,Coruripe,BR,-10.1256,-36.1756,82.65,64,62,10.02,broken clouds
343,Bull Savanna,JM,17.8868,-77.5902,81.63,57,13,21.05,few clouds
344,Kutahya,TR,39.4242,29.9833,29.48,76,93,5.21,overcast clouds
345,Warwick,US,41.7001,-71.4162,45.5,91,100,12.66,light intensity drizzle
346,York,US,40.1254,-77.0,50.32,86,100,6.91,overcast clouds
347,Kalaleh,IR,37.3807,55.4916,47.8,87,0,0.0,clear sky
348,Nhulunbuy,AU,-12.2333,136.7667,77.61,94,100,3.44,overcast clouds
349,At-Bashi,KG,41.1702,75.8106,29.88,89,98,2.21,light snow
350,Broome,US,42.2506,-75.833,53.1,94,100,6.31,overcast clouds
351,Saint Anthony,US,45.0205,-93.218,42.89,69,100,8.05,overcast clouds
352,Tabuny,RU,52.7773,78.7896,21.09,94,84,10.98,broken clouds
353,Bayangol,RU,50.6977,103.4656,0.86,91,100,3.69,overcast clouds
354,Kirakira,SB,-10.4544,161.9205,77.72,85,95,1.7,overcast clouds
355,Srednekolymsk,RU,67.45,153.6833,-0.36,99,99,2.8,overcast clouds
356,Asosa,ET,10.0667,34.5333,76.35,17,43,5.57,scattered clouds
357,Julio De Castilhos,BR,-29.2269,-53.6817,71.64,84,83,10.83,broken clouds
358,Kavieng,PG,-2.5744,150.7967,82.62,70,95,10.07,overcast clouds
359,Harper,LR,4.375,-7.7169,80.8,83,21,6.85,few clouds
360,Veshenskaya,RU,49.6303,41.7334,36.09,60,0,5.46,clear sky
361,Tadine,NC,-21.55,167.8833,76.01,74,100,10.04,overcast clouds
362,Baculin,PH,7.4525,126.5842,76.71,84,100,5.06,overcast clouds
363,Oistins,BB,13.0667,-59.5333,82.49,69,40,27.63,scattered clouds
364,Balkanabat,TM,39.5108,54.3671,52.86,48,100,25.37,overcast clouds
365,Perth,AU,-31.9333,115.8333,73.58,40,0,19.57,clear sky
366,Roros,NO,62.5747,11.3842,35.44,100,40,2.3,scattered clouds
367,Tatishchevo,RU,51.6703,45.5953,20.71,97,15,3.53,few clouds
368,Plouzane,FR,48.3833,-4.6167,55.45,60,0,11.5,clear sky
369,Ossora,RU,59.2353,163.0719,0.55,90,26,5.73,scattered clouds
370,Ixtapa,MX,20.7,-105.2,92.32,13,0,8.86,clear sky
371,Kropotkin,RU,45.4375,40.5756,37.67,83,100,6.67,overcast clouds
372,Camana,PE,-16.6228,-72.7111,71.38,77,100,8.41,overcast clouds
373,Margate,GB,51.3813,1.3862,54.3,65,0,1.01,clear sky
374,Half Moon Bay,US,37.4636,-122.4286,71.82,76,100,9.22,overcast clouds
375,Launceston,AU,-41.45,147.1667,49.15,93,0,4.61,clear sky
376,Amahai,ID,-3.3333,128.9167,77.29,83,100,3.31,overcast clouds
377,Ahuimanu,US,21.4447,-157.8378,76.35,81,21,5.01,few clouds
378,Angoram,PG,-4.0625,144.0661,72.82,99,94,1.23,overcast clouds
379,Gairo,IT,39.8497,9.5047,38.19,75,2,2.33,clear sky
380,Valdivia,CL,-39.8142,-73.2459,67.05,41,6,5.06,clear sky
381,Goderich,CA,43.7501,-81.7165,48.9,76,100,17.27,overcast clouds
382,Port Shepstone,ZA,-30.7414,30.455,72.86,82,15,12.62,few clouds
383,Sibu,MY,2.3,111.8167,77.31,94,40,5.99,scattered clouds
384,Kirksville,US,40.1948,-92.5833,38.57,92,100,11.5,overcast clouds
385,Namatanai,PG,-3.6667,152.4333,79.47,81,40,8.3,scattered clouds
386,Ojinaga,MX,29.5667,-104.4167,73.42,19,0,11.5,clear sky
387,Shingu,JP,33.7333,135.9833,45.39,80,0,5.77,clear sky
388,Sfantu Gheorghe,RO,45.8667,25.7833,40.23,74,7,5.26,clear sky
389,Dhuburi,IN,26.0333,89.9667,74.05,38,0,5.64,clear sky
390,Bandarbeyla,SO,9.4942,50.8122,77.67,75,43,8.86,scattered clouds
391,Djougou,BJ,9.7085,1.666,89.51,33,89,5.93,overcast clouds
392,Tyup,KG,42.7276,78.3648,25.68,76,100,2.42,overcast clouds
393,Kushiro,JP,42.975,144.3747,30.49,91,88,3.11,overcast clouds
394,Xinzhou,CN,38.4092,112.7333,48.2,67,100,3.49,light rain
395,Murray Bridge,AU,-35.1167,139.2667,58.12,84,0,4.9,clear sky
396,Coquimbo,CL,-29.9533,-71.3436,68.36,62,0,5.41,clear sky
397,Nampa,US,43.5407,-116.5635,61.72,49,0,8.05,clear sky
398,Buraydah,SA,26.326,43.975,70.25,22,0,13.35,clear sky
399,Horadiz,AZ,39.4488,47.3353,38.17,89,85,4.56,overcast clouds
400,Taitung,TW,22.7583,121.1444,70.75,83,98,4.25,overcast clouds
401,Makakilo City,US,21.3469,-158.0858,75.18,81,100,8.05,overcast clouds
402,Ntchisi,MW,-13.5278,33.9149,60.21,96,86,0.87,overcast clouds
403,Dudinka,RU,69.4058,86.1778,9.63,93,94,12.91,overcast clouds
404,Kant,IN,27.8,79.8,76.08,14,4,3.13,clear sky
405,Saint-Augustin,CA,51.226,-58.6502,32.52,82,15,6.11,few clouds
406,Simbahan,PH,6.3032,120.5836,82.09,77,79,8.08,broken clouds
407,Bogo,PH,11.0517,124.0055,78.3,85,56,7.09,broken clouds
408,Shrewsbury,GB,52.7101,-2.7521,57.97,70,8,2.66,clear sky
409,Pimentel,PE,-6.8367,-79.9342,80.89,57,0,11.5,clear sky
410,Karratha,AU,-20.7377,116.8463,84.45,74,19,10.4,few clouds
411,Jackson,US,42.4165,-122.8345,62.8,65,100,1.99,overcast clouds
412,Okhotsk,RU,59.3833,143.3,-3.5,99,77,6.73,broken clouds
413,Katherine,AU,-14.4667,132.2667,77.29,68,99,4.29,overcast clouds
414,Maebaru,JP,33.55,130.2,47.88,78,57,4.72,broken clouds
415,Tecoanapa,MX,16.5167,-98.75,83.91,48,55,10.58,broken clouds
416,Maxixe,MZ,-23.8597,35.3472,76.84,84,1,10.51,clear sky
417,Rio Cuarto,AR,-33.1307,-64.3499,69.67,22,17,31.52,few clouds
418,Lugovoy,KZ,42.9472,72.7644,35.1,99,100,2.84,snow
419,Poum,NC,-20.2333,164.0167,78.58,80,58,6.02,light rain
420,Meulaboh,ID,4.1363,96.1285,77.09,91,26,3.85,light rain
421,Kysyl-Syr,RU,63.8986,122.7617,-2.43,100,100,3.06,overcast clouds
422,Dzaoudzi,YT,-12.7887,45.2699,82.29,83,40,9.22,scattered clouds
423,Lavrentiya,RU,65.5833,-171.0,0.93,84,7,5.97,clear sky
424,Chapais,CA,49.7834,-74.8492,28.18,94,100,13.33,light snow
425,Godalming,GB,51.1846,-0.6173,58.59,48,3,3.44,clear sky
426,Muros,ES,42.7762,-9.0603,59.43,64,0,13.58,clear sky
427,Acajutla,SV,13.5928,-89.8275,86.76,61,32,8.39,scattered clouds
428,Maragogi,BR,-9.0122,-35.2225,81.48,74,99,8.57,overcast clouds
429,Gawler,AU,-34.6,138.7333,58.24,77,0,3.15,clear sky
430,Katsuura,JP,35.1333,140.3,50.02,74,0,6.38,clear sky
431,Mahendragarh,IN,28.2833,76.15,75.7,18,0,2.42,clear sky
432,Mont-Dore,NC,-22.2833,166.5833,80.01,99,100,6.69,overcast clouds
433,Vardo,NO,70.3705,31.1107,24.78,80,75,31.07,broken clouds
434,Faya,SA,18.3851,42.4509,61.81,41,5,4.76,clear sky
435,Mount Isa,AU,-20.7333,139.5,81.09,46,16,8.34,light rain
436,Cap Malheureux,MU,-19.9842,57.6142,77.47,84,31,1.01,scattered clouds
437,Puerto Armuelles,PA,8.2833,-82.8667,86.4,61,30,9.71,scattered clouds
438,Sosnovo-Ozerskoye,RU,52.5249,111.5418,18.86,93,100,7.25,light snow
439,Flin Flon,CA,54.7682,-101.865,39.04,60,100,13.8,overcast clouds
440,Kalakamati,BW,-20.5929,27.3121,74.93,49,96,7.05,overcast clouds
441,Soe,ID,-9.8607,124.284,65.66,94,87,2.84,overcast clouds
442,Port Hedland,AU,-20.3167,118.5667,84.25,84,88,8.05,overcast clouds
443,Ihosy,MG,-22.4,46.1167,71.1,87,54,1.25,broken clouds
444,Machhiwara,IN,30.9147,76.1983,70.81,27,0,3.76,clear sky
445,Dori,BF,14.0354,-0.0345,93.15,10,1,9.51,clear sky
446,Syamzha,RU,60.0158,41.0614,33.12,96,100,9.26,overcast clouds
447,San Jose,US,37.3394,-121.895,77.92,58,0,8.05,clear sky
448,Akhmim,EG,26.5622,31.745,56.26,30,0,7.67,clear sky
449,Mora,CM,11.0461,14.1401,85.57,15,89,8.48,overcast clouds
450,Puerto Lempira,HN,15.2667,-83.7667,88.74,47,8,10.96,clear sky
451,Ostersund,SE,63.1792,14.6357,41.45,81,100,3.44,overcast clouds
452,Nueva Helvecia,UY,-34.3,-57.2333,63.59,58,6,25.46,clear sky
453,Sa Kaeo,TH,13.75,102.3333,80.38,72,91,4.76,overcast clouds
454,Saint-Joseph,RE,-21.3667,55.6167,77.38,84,20,10.2,few clouds
455,Oktyabrskiy,RU,54.4815,53.471,34.23,89,100,11.07,overcast clouds
456,Evensk,RU,61.95,159.2333,11.28,94,100,5.48,overcast clouds
457,Mbanza-Ngungu,CD,-5.25,14.8667,73.83,80,6,2.08,clear sky
458,Khandbari,NP,27.3747,87.2039,63.37,37,31,5.21,scattered clouds
459,Belmonte,BR,-15.8631,-38.8828,81.23,72,2,8.72,clear sky
460,Lovozero,RU,68.005,35.0117,10.24,78,19,7.56,few clouds
461,Ulladulla,AU,-35.35,150.4667,65.77,90,88,2.77,overcast clouds
462,Akyab,MM,20.15,92.9,77.67,82,76,0.74,broken clouds
463,Pathein,MM,16.7833,94.7333,74.46,83,8,6.31,clear sky
464,Beloha,MG,-25.1667,45.05,75.07,76,27,1.92,scattered clouds
465,Horsham,GB,51.064,-0.3272,58.05,51,0,8.05,clear sky
466,Richards Bay,ZA,-28.783,32.0377,73.08,85,71,7.47,broken clouds
467,Bonthe,SL,7.5264,-12.505,79.99,80,60,9.6,broken clouds
468,Watertown,US,42.3709,-71.1828,43.86,94,100,12.66,mist
469,Linxia,CN,35.6003,103.2064,39.07,68,100,1.61,overcast clouds
470,Zambezi,ZM,-13.5432,23.1047,67.39,90,100,4.7,overcast clouds
471,Erenhot,CN,43.6475,111.9767,29.89,46,39,8.61,scattered clouds
472,Cururupu,BR,-1.8283,-44.8683,78.75,88,84,5.93,broken clouds
473,Neokhorion,GR,41.1833,23.25,57.11,49,0,4.29,clear sky
474,Labuhan,ID,-6.8844,112.2051,79.92,84,100,5.35,overcast clouds
475,Lethem,GY,3.3803,-59.7968,92.05,43,97,11.23,overcast clouds
476,Russell,US,32.3502,-85.1999,68.05,34,0,12.66,clear sky
477,Namibe,AO,-15.1961,12.1522,74.8,84,100,10.18,overcast clouds
478,Honningsvag,NO,70.9821,25.9704,29.95,93,100,19.57,light snow
479,Bo Phloi,TH,14.3236,99.5161,82.31,68,9,4.81,light rain
480,Roma,US,43.2128,-75.4557,53.87,79,100,10.36,overcast clouds
481,Piacabucu,BR,-10.4056,-36.4344,82.6,66,87,9.4,overcast clouds
482,Tambo,PE,-14.8,-73.9167,48.67,67,68,9.6,broken clouds
483,Kramat,ID,-8.1311,113.4499,74.8,94,100,2.26,heavy intensity rain
484,Harsin,IR,34.2721,47.5861,40.51,57,39,15.59,scattered clouds
485,Talcahuano,CL,-36.7167,-73.1167,63.54,51,0,19.13,clear sky
486,Patiala,IN,30.3267,76.4003,71.64,22,3,6.51,clear sky
487,Kamenka,RU,51.3223,42.7678,25.59,99,75,3.67,broken clouds
488,Requena,ES,39.4883,-1.1004,43.52,95,100,15.77,overcast clouds
489,Marsa Matruh,EG,31.3525,27.2453,55.42,55,60,21.23,broken clouds
490,Olafsvik,IS,64.8945,-23.7142,30.78,84,100,20.07,snow
491,Nosy Varika,MG,-20.5833,48.5333,75.83,88,99,3.38,light rain
492,Kampong Chhnang,KH,12.1667,104.55,84.51,64,84,3.47,broken clouds
493,Akdepe,TM,42.0551,59.3788,45.54,40,54,13.76,broken clouds
494,Hervey Bay,AU,-25.2986,152.8535,68.02,89,90,15.99,light rain
495,Bennington,US,42.8781,-73.1968,42.3,85,100,4.83,overcast clouds
496,Xudat,AZ,41.631,48.681,43.72,80,83,16.98,broken clouds
497,Terrak,NO,65.087,12.3715,40.87,99,100,4.92,overcast clouds
498,Kaduqli,SD,11.0167,29.7167,85.17,11,0,12.33,clear sky
499,Sandnessjoen,NO,66.0217,12.6316,37.92,92,75,4.61,light intensity drizzle
500,Oussouye,SN,12.485,-16.5469,75.63,54,4,14.92,clear sky
501,Indianola,US,41.3581,-93.5574,39.87,84,100,11.72,overcast clouds
502,Chernukha,RU,55.5974,43.7556,33.1,85,100,8.75,overcast clouds
503,Maniitsoq,GL,65.4167,-52.9,18.3,65,100,4.54,overcast clouds
504,Oranjemund,NA,-28.55,16.4333,62.01,86,3,15.52,clear sky
505,Ca Mau,VN,9.1769,105.15,80.04,81,0,3.47,clear sky
506,Teguise,ES,29.0605,-13.564,62.82,63,40,16.11,scattered clouds
507,Uyuni,BO,-20.4597,-66.825,60.91,13,1,12.82,clear sky
508,Sydney,AU,-33.8679,151.2073,66.7,96,75,5.99,broken clouds
509,Igurusi,TZ,-8.85,33.85,64.71,94,100,2.21,light rain
510,Vao,NC,-22.6667,167.4833,76.8,69,100,11.23,overcast clouds
511,Taureni,RO,46.2667,25.25,43.9,68,1,5.7,clear sky
512,Sorong,ID,-0.8833,131.25,77.31,85,100,5.01,overcast clouds
513,Anadyr,RU,64.75,177.4833,5.0,92,100,5.99,overcast clouds
514,Caravelas,BR,-17.7125,-39.2481,80.6,73,27,7.34,scattered clouds
515,Kristiansund,NO,63.1115,7.732,48.85,71,75,4.61,light intensity drizzle
516,Sinnamary,GF,5.3833,-52.95,79.18,88,89,14.23,overcast clouds
517,Claresholm,CA,50.0333,-113.5852,38.25,38,90,3.36,overcast clouds
518,Nampula,MZ,-15.1165,39.2666,74.95,83,97,1.59,overcast clouds
519,Crossville,US,35.949,-85.0269,59.92,37,57,11.01,broken clouds
520,Buta,CD,2.7858,24.73,83.17,48,89,2.35,overcast clouds
521,Camargo,MX,27.6667,-105.1667,64.53,9,0,3.47,clear sky
522,Barwadih,IN,23.8333,84.1167,75.11,19,6,5.17,clear sky
523,Dandong,CN,40.1292,124.3947,44.96,76,100,8.66,moderate rain
524,Porbandar,IN,21.6422,69.6093,77.23,70,12,9.95,few clouds
525,Alofi,NU,-19.0595,-169.9187,78.84,77,100,8.41,light rain
526,Chunskiy,RU,56.0815,99.6342,11.84,94,100,3.15,overcast clouds
527,Ekhabi,RU,53.5102,142.9671,5.68,95,5,1.12,clear sky
528,Atbasar,KZ,51.8,68.3333,29.53,89,100,8.52,overcast clouds
529,Stalowa Wola,PL,50.5829,22.0533,47.86,50,0,4.0,clear sky
530,Norilsk,RU,69.3535,88.2027,6.96,94,91,8.43,overcast clouds
531,Darfo,IT,45.8779,10.1812,57.38,41,0,1.01,clear sky
532,Haines Junction,CA,60.7522,-137.5108,21.25,92,100,0.13,overcast clouds
533,Kochevo,RU,59.5994,54.3125,32.99,96,100,13.94,light snow
534,Goma,CD,-1.6792,29.2228,63.48,89,25,2.28,light rain
535,Doha,QA,25.2867,51.5333,80.58,39,0,11.5,clear sky
536,Camacha,PT,33.0833,-16.3333,60.22,72,40,21.85,scattered clouds
537,Inirida,CO,3.8653,-67.9239,93.06,45,100,2.3,overcast clouds
538,Bonavista,CA,48.6499,-53.1147,29.01,80,84,30.56,broken clouds
539,Igrim,RU,63.1906,64.4162,22.08,96,100,10.27,snow
540,Wuda,CN,39.4994,106.7117,42.37,20,100,18.9,overcast clouds
541,Tura,IN,25.5198,90.2201,70.05,71,0,8.14,clear sky
542,Konya,TR,38.1667,32.5,25.77,90,8,8.3,clear sky
543,Sarakhs,IR,36.5449,61.1577,49.87,58,25,9.35,scattered clouds
544,Loa Janan,ID,-0.583,117.095,74.37,94,100,0.94,overcast clouds
545,Kuytun,RU,54.3419,101.5036,0.86,98,100,1.63,overcast clouds
546,Pangnirtung,CA,66.1451,-65.7125,17.6,67,100,4.61,light snow
547,Salym,RU,60.0625,71.4789,14.85,95,100,6.2,overcast clouds
548,Quatre Cocos,MU,-20.2078,57.7625,78.91,75,71,11.92,broken clouds
549,Oum Hadjer,TD,13.2954,19.6966,88.0,13,2,12.75,clear sky
550,Kidal,ML,18.4411,1.4078,88.81,13,96,3.85,overcast clouds
551,Magadan,RU,59.5667,150.8,-1.75,95,53,4.18,broken clouds
552,Luancheng,CN,37.8792,114.6517,50.05,74,100,5.93,moderate rain
553,Sulina,RO,45.1559,29.6536,50.95,49,88,8.95,overcast clouds
554,Mayor Pablo Lagerenza,PY,-19.9309,-60.7718,90.9,49,75,12.64,moderate rain
555,Eenhana,NA,-17.4667,16.3333,68.97,83,99,1.28,overcast clouds
556,Ocos,GT,14.5094,-92.1933,93.38,64,100,11.81,overcast clouds
557,Laguna,US,38.421,-121.4238,79.97,52,0,3.44,clear sky
558,Khryashchevka,RU,53.8119,49.0916,34.81,82,100,8.21,overcast clouds
559,Chillan,CL,-36.6066,-72.1034,74.37,22,0,19.33,clear sky
560,Hami,CN,42.8,93.45,39.04,23,44,12.91,scattered clouds
561,Ambovombe,MG,-25.1667,46.0833,74.77,91,6,3.74,clear sky
562,Bassano,CA,50.7834,-112.4685,42.64,28,5,19.24,clear sky
563,Marawi,PH,7.9986,124.2928,67.78,93,100,1.77,overcast clouds
564,Asheville,US,35.6009,-82.554,67.46,37,5,1.99,clear sky
565,Sorochinsk,RU,52.4338,53.1583,31.48,95,100,9.35,overcast clouds
566,Touros,BR,-5.1989,-35.4608,83.46,70,82,11.16,broken clouds
567,Angoche,MZ,-16.2325,39.9086,78.62,82,5,6.06,clear sky
568,Sakakah,SA,29.9697,40.2064,54.95,23,0,6.06,clear sky
569,Hokitika,NZ,-42.7167,170.9667,57.07,70,100,5.66,overcast clouds
570,Makaryev,RU,57.8797,43.8069,32.86,92,99,9.15,overcast clouds
571,Amuntai,ID,-2.4177,115.2494,74.52,87,65,0.89,broken clouds
572,Rabo De Peixe,PT,37.8,-25.5833,60.31,67,20,11.5,few clouds
573,Bac Lieu,VN,9.285,105.7244,81.46,78,0,6.08,clear sky
574,Gadag,IN,15.4167,75.6167,78.4,60,82,6.98,broken clouds
575,Iralaya,HN,15.0,-83.2333,83.95,60,65,11.16,broken clouds
576,Alice Town,BS,25.7167,-79.3,77.7,81,63,18.43,broken clouds
577,Shenxian,CN,36.2411,115.6672,53.42,83,87,5.73,overcast clouds
578,Seredka,RU,58.1584,28.1858,37.15,95,100,4.56,overcast clouds
579,Lazaro Cardenas,MX,17.9583,-102.2,82.94,42,0,9.84,clear sky
580,Turbat,PK,26.0023,63.044,82.38,28,0,3.67,clear sky
581,Morgan City,US,29.6994,-91.2068,71.6,43,0,19.57,clear sky
582,Tricase,IT,39.9304,18.3553,52.45,71,0,9.46,clear sky
583,Manicore,BR,-5.8092,-61.3003,88.23,57,64,5.1,broken clouds
584,Puerto Leguizamo,CO,-0.1934,-74.7819,85.77,65,100,2.39,overcast clouds
585,Desdunes,HT,19.2955,-72.646,87.44,50,8,11.86,clear sky
586,Hurghada,EG,27.2574,33.8129,58.42,42,0,13.62,clear sky
587,Sao Joao Da Barra,BR,-21.6403,-41.0511,78.89,73,53,13.62,broken clouds
588,Aykhal,RU,66.0,111.5,-2.16,85,100,4.09,overcast clouds
589,Curup,ID,-3.4667,102.5333,67.28,89,100,1.52,overcast clouds
590,Pemangkat,ID,1.1667,108.9667,78.53,85,100,3.67,overcast clouds
591,Maputo,MZ,-25.9653,32.5892,80.22,82,79,3.0,broken clouds
592,Djambala,CG,-2.5447,14.7533,76.69,65,1,2.19,clear sky
593,Calama,CL,-22.4667,-68.9333,75.04,8,0,16.55,clear sky
594,Yerbogachen,RU,61.2767,108.0108,-4.27,100,79,4.21,broken clouds
595,Pailon,BO,-17.65,-62.75,80.28,64,91,12.53,overcast clouds
596,Chipinge,ZW,-20.1883,32.6236,66.85,70,21,3.74,few clouds
597,Barraute,CA,48.4335,-77.6328,33.71,100,100,8.9,snow
598,Freeport,US,40.6576,-73.5832,47.08,85,100,14.97,mist
599,Krasnyy Oktyabr,RU,56.1167,38.8833,26.98,98,60,3.56,broken clouds
600,Cumberland,US,35.0502,-78.8664,70.57,87,100,12.66,overcast clouds
601,Chilca,PE,-12.5211,-76.7372,71.51,80,68,9.57,broken clouds
602,Dutse,NG,11.7594,9.3392,84.54,14,100,9.84,overcast clouds
603,Lagoa,PT,39.05,-27.9833,59.47,83,100,26.93,overcast clouds
604,Hays,US,30.0502,-98.0336,72.27,21,0,10.0,clear sky
605,Pustoshka,RU,56.3355,29.369,29.5,96,29,2.93,scattered clouds
606,Safonovo,RU,55.15,33.2167,26.38,96,10,2.64,clear sky
607,Cangucu,BR,-31.395,-52.6756,75.87,60,100,11.43,overcast clouds
608,Upington,ZA,-28.4478,21.2561,74.32,42,0,1.63,clear sky
609,General Roca,AR,-39.0333,-67.5833,71.76,18,0,14.38,clear sky
610,Ardakan,IR,32.31,54.0175,73.08,15,0,14.81,clear sky
611,Bereznik,RU,62.8551,42.7072,21.24,80,4,8.41,clear sky
612,Prince Rupert,CA,54.3161,-130.3201,44.33,69,100,5.73,overcast clouds
613,Wanning,CN,18.8003,110.3967,77.11,93,9,8.28,clear sky
614,Rafaela,AR,-31.2503,-61.4867,73.0,25,6,7.0,clear sky
615,Moussoro,TD,13.6408,16.4901,82.98,13,3,14.79,clear sky
616,Solton,RU,52.8429,86.4787,28.74,93,100,22.28,light snow
617,Lavumisa,SZ,-27.31,31.892,73.8,74,75,6.35,broken clouds
618,Dukat,RU,62.55,155.55,-8.54,100,90,4.16,overcast clouds
619,Erzin,TR,36.9559,36.2,46.58,90,100,1.14,light rain
620,Muswellbrook,AU,-32.2667,150.9,59.32,96,97,3.11,overcast clouds
621,Puerto Santander,CO,8.3636,-72.4063,94.41,39,68,4.05,broken clouds
622,Wamba,NG,8.9333,8.6,86.49,14,97,4.56,overcast clouds
623,Rockland,US,41.1668,-74.0496,45.93,94,100,3.0,overcast clouds
624,Mecca,SA,21.4267,39.8261,66.58,48,15,11.81,few clouds
625,Puri,IN,19.8,85.85,81.12,89,39,19.93,scattered clouds
626,Vostok,RU,46.4856,135.8833,16.66,96,99,4.5,overcast clouds
627,Buala,SB,-8.145,159.5921,79.11,83,100,3.74,light rain
628,Coburg,DE,50.2667,10.9667,52.38,44,0,5.26,clear sky
629,Kalabo,ZM,-14.97,22.6814,66.38,91,27,3.83,light rain
630,Seymchan,RU,62.8833,152.4333,-1.91,99,100,0.76,overcast clouds
631,Warri,NG,5.5167,5.75,81.68,82,100,5.68,light rain
632,Beira,MZ,-19.8436,34.8389,75.83,85,6,9.15,clear sky
633,Port Macquarie,AU,-31.4333,152.9167,63.9,88,100,2.86,overcast clouds
634,Soyo,AO,-6.1349,12.3689,81.27,86,5,7.7,clear sky
635,Progreso,MX,21.2833,-89.6667,71.11,86,100,20.24,overcast clouds
636,Paka,MY,4.6374,103.4368,78.39,84,4,1.23,clear sky
637,Matara,LK,5.9485,80.5353,76.86,85,10,5.55,clear sky
638,Ludvika,SE,60.1496,15.1878,46.2,89,65,2.75,broken clouds
639,Kavaratti,IN,10.5669,72.642,83.16,62,5,0.94,clear sky
640,Orzhytsya,UA,49.7918,32.7012,40.08,64,1,4.34,clear sky
641,Batanovci,BG,42.5997,22.9506,53.92,57,0,3.74,clear sky
642,Bluefield,US,37.2698,-81.2223,63.36,33,0,20.71,clear sky
643,Kautokeino,NO,69.0125,23.0412,19.83,96,100,7.78,overcast clouds
644,Schongau,DE,47.8167,10.9,52.32,37,4,5.75,clear sky
645,Ornskoldsvik,SE,63.2909,18.7153,32.95,86,100,3.44,overcast clouds
646,Galveston,US,29.3669,-94.9669,71.06,31,3,8.99,clear sky
647,Dryden,CA,49.7833,-92.7503,35.65,95,53,3.29,broken clouds
648,Omboue,GA,-1.5746,9.2618,78.84,90,100,7.45,moderate rain
649,Cusco,PE,-13.5183,-71.9781,66.43,42,40,9.22,scattered clouds
650,Umm Kaddadah,SD,13.6017,26.6876,73.24,14,99,15.73,overcast clouds
651,Banda Aceh,ID,5.5577,95.3222,79.83,79,84,3.24,light rain
652,Galle,LK,6.0367,80.217,79.5,78,10,5.55,clear sky
653,Codrington,AU,-38.2667,141.9667,55.83,77,100,3.87,overcast clouds
654,Fatezh,RU,52.0891,35.8632,39.18,99,100,4.59,overcast clouds
655,Daru,PG,-9.0763,143.2092,75.85,93,100,2.26,overcast clouds
656,Nome,US,64.5011,-165.4064,14.07,62,75,9.22,broken clouds
657,Wanaka,NZ,-44.7,169.15,48.15,86,39,3.36,scattered clouds
658,Baykit,RU,61.67,96.37,4.51,99,100,1.86,overcast clouds
659,Zykovo,RU,55.9519,93.1461,18.34,88,89,5.68,overcast clouds
660,Khandyga,RU,62.6667,135.6,-3.12,96,100,3.78,overcast clouds
661,Mokshan,RU,53.4365,44.6132,36.19,84,100,9.28,overcast clouds
662,Sorland,NO,67.667,12.6934,35.46,58,100,9.04,overcast clouds
663,Otta,NO,61.7712,9.5353,36.34,99,100,0.74,overcast clouds
664,Gao,ML,16.6362,1.637,88.79,9,100,10.2,overcast clouds
665,Newport,GB,51.5877,-2.9984,57.74,60,4,2.48,clear sky
666,Pokhara,NP,28.2333,83.9833,68.05,21,22,7.74,few clouds
667,Deputatskiy,RU,69.3,139.9,-16.35,97,28,4.14,scattered clouds
668,San Andres,CO,12.5847,-81.7006,86.02,66,20,11.5,few clouds
669,San Policarpo,PH,12.1791,125.5072,80.8,83,13,11.03,few clouds
670,Murupara,NZ,-38.4667,176.7,64.42,96,100,6.26,moderate rain
671,Sabang,ID,5.8933,95.3214,82.63,70,100,4.41,light rain
672,Urengoy,RU,65.9667,78.3667,5.49,97,100,8.52,overcast clouds
673,Mangrol,IN,21.1167,70.1167,77.32,64,51,12.15,broken clouds
674,High Rock,BS,26.6208,-78.2833,77.99,78,38,19.33,scattered clouds
675,Panaba,MX,21.2833,-88.2667,85.46,53,23,21.43,few clouds
676,Filadelfia,US,39.9523,-75.1638,48.31,94,100,13.8,mist
677,Suluq,LY,31.6682,20.2521,53.58,57,0,11.43,clear sky
678,Esil,KZ,51.9556,66.4042,31.68,85,99,10.85,overcast clouds
679,Matagami,CA,49.7502,-77.6328,33.91,93,100,10.36,light snow
680,Kieta,PG,-6.2167,155.6333,79.57,83,100,3.24,light rain
681,Iracoubo,GF,5.4802,-53.2011,78.85,89,99,13.82,overcast clouds
682,Malinovoye Ozero,RU,51.6753,79.7825,25.21,86,97,13.53,overcast clouds
683,Moctezuma,MX,29.8,-109.6667,77.9,8,0,4.14,clear sky
